{"cameraMode":{"drawMode":0,"name":"Shaded","section":"Shading Mode"},"sceneLighting":false,"audioPlay":false,"sceneViewState":{"m_AlwaysRefresh":false,"showFog":true,"showSkybox":false,"showFlares":true,"showImageEffects":true,"showParticleSystems":true,"showVisualEffectGraphs":true,"m_FxEnabled":true},"in2DMode":false,"pivot":{"x":-54.19974136352539,"y":26.268844604492189,"z":-100.06935119628906},"rotation":{"x":-0.17163673043251038,"y":0.013593749143183232,"z":-0.002351845847442746,"w":-0.9851033687591553},"size":1.1585849523544312,"orthographic":false}